id;name;email;terms_conditions;about_us;catalogue;created_at;updated_at;created_by_id;updated_by_id
1;Isle;Barrett_Hoeger@gmail.com;Personal Loan Account Borders;Montserrat transparent;Rue;2020-05-08T00:54:27;2020-05-07T15:44:42;1;1
2;withdrawal;Caesar_Wuckert74@gmail.com;orchid;Security invoice Metal;Berkshire users backing up;2020-05-08T04:43:51;2020-05-08T00:44:11;2;2
3;Research Small Corporate;Garland.Conn3@gmail.com;JBOD Martinique system engine;Fantastic Rubber Chips invoice Road;XML;2020-05-07T17:13:43;2020-05-08T08:25:08;3;3
4;Customer Chilean Peso Unidades de fomento withdrawal;Aron54@gmail.com;Quetzal CSS Borders;Awesome;Turkmenistan;2020-05-07T23:38:32;2020-05-07T21:37:47;4;4
5;monetize;Flavio34@yahoo.com;magnetic Concrete;Synergized Handcrafted Frozen Shoes;Investment Account content plum;2020-05-08T02:18:06;2020-05-08T08:32:33;5;5
6;protocol;Golden.Daugherty43@hotmail.com;SCSI invoice;Borders definition;Computer;2020-05-07T23:08:50;2020-05-08T10:04:29;6;6
7;Hawaii morph Bolivia;Kevin.Bosco@gmail.com;matrix Solomon Islands Dollar Gorgeous Plastic Sausages;firewall Savings Account redundant;monetize THX;2020-05-07T18:51:12;2020-05-07T19:51:56;7;7
8;Glen internet solution Borders;Delilah.Cormier@hotmail.com;dynamic transmit Buckinghamshire;Rubber synthesize Tanzanian Shilling;transitional;2020-05-07T22:10:11;2020-05-08T03:28:14;8;8
9;Response bleeding-edge harness;Gudrun96@hotmail.com;Coordinator;communities Toys;Intelligent Granite Hat;2020-05-07T15:08:16;2020-05-08T02:59:49;9;9
10;harness Health Handcrafted;Audrey.Lynch@hotmail.com;District Polarised Corporate;local area network GB Investment Account;primary quantifying;2020-05-08T00:03:43;2020-05-08T08:59:56;10;10
