id;created_at;remarks;from_profile_id;to_profile_id
1;2020-05-07T13:57:13;white;1;1
2;2020-05-08T00:11:16;parsing Small;2;2
3;2020-05-08T06:05:47;metrics Unbranded;3;3
4;2020-05-07T14:36:25;Communications;4;4
5;2020-05-07T22:55:00;system-worthy virtual architecture;5;5
6;2020-05-08T03:08:10;Gorgeous Soft Computer quantifying;6;6
7;2020-05-07T12:20:01;CFP Franc Cambridgeshire deposit;7;7
8;2020-05-07T17:14:57;bluetooth;8;8
9;2020-05-07T20:20:39;tan Total protocol;9;9
10;2020-05-07T20:38:36;hack withdrawal;10;10
