id;title;description;banner_image;created_at;created_by_id
1;Rustic bleeding-edge;green 1080p Metal;USB;2020-05-07T21:04:26;1
2;purple Shores transmitting;copying vertical;Rubber invoice Directives;2020-05-07T18:44:20;2
3;bluetooth payment;District Sports;invoice partnerships Forges;2020-05-07T10:59:47;3
4;Strategist;solutions;asymmetric Gloves mindshare;2020-05-07T18:47:55;4
5;compressing Unbranded Wooden Salad;payment Avon Terrace;interface;2020-05-07T18:19:21;5
6;Borders;metrics client-server;multi-byte Usability;2020-05-08T03:26:48;6
7;1080p;Spur Gorgeous Steel Bacon;Chair Gloves Associate;2020-05-08T04:00:44;7
8;Spring wireless Engineer;Kenya back up;withdrawal Pataca Checking Account;2020-05-08T00:24:45;8
9;Buckinghamshire Licensed;infrastructures;Lithuanian Litas Chief;2020-05-07T19:39:14;9
10;Global withdrawal;Fantastic European Monetary Unit (E.M.U.-6);scale SMTP Home;2020-05-08T07:25:40;10
