id;rating;created_at;remarks;from_profile_id;to_profile_id;order_id
1;4759;2020-05-07T13:45:10;Awesome THX solid state;1;1;1
2;91412;2020-05-08T07:50:35;CFA Franc BCEAO;2;2;2
3;57719;2020-05-07T12:34:04;Up-sized Developer;3;3;3
4;46157;2020-05-08T09:51:04;JSON Clothing SDR;4;4;4
5;18348;2020-05-08T09:39:08;Massachusetts;5;5;5
6;31019;2020-05-07T14:14:34;data-warehouse virtual;6;6;6
7;28333;2020-05-07T14:43:31;Borders;7;7;7
8;88904;2020-05-07T13:42:06;Jewelery;8;8;8
9;53782;2020-05-08T05:18:08;deliverables;9;9;9
10;43237;2020-05-08T03:46:17;payment connecting yellow;10;10;10
