id;page_title;heading;description;created_at;updated_at;publish
1;Cotton blue;Buckinghamshire;enhance silver;2020-05-08T09:20:20;2020-05-08T05:12:09;false
2;Checking Account Division Accountability;e-enable Michigan;Fantastic Cotton Cheese Investment Account Liaison;2020-05-07T10:40:20;2020-05-07T18:32:13;true
3;Unbranded;Chips;primary database;2020-05-07T11:11:07;2020-05-07T17:39:26;true
4;reboot;Sleek alarm;application bypassing platforms;2020-05-08T04:40:18;2020-05-08T04:14:17;true
5;Towels;Cyprus index Response;red Congo El Salvador;2020-05-07T23:02:01;2020-05-07T14:30:22;true
6;Solomon Islands info-mediaries Wisconsin;solid state;User-friendly Mouse Ergonomic;2020-05-08T00:18:14;2020-05-07T23:46:23;false
7;HDD;Zloty transmitting synergistic;Credit Card Account;2020-05-08T09:12:40;2020-05-07T12:10:17;true
8;Refined Cotton Ball Sports;Personal Loan Account;Crest sky blue Awesome Cotton Soap;2020-05-08T04:54:04;2020-05-08T09:55:25;true
9;Martinique invoice;heuristic Cambridgeshire Intelligent Steel Bacon;Seamless Personal Loan Account;2020-05-07T19:13:13;2020-05-08T08:22:55;false
10;HTTP;Argentine Peso efficient Handcrafted;orchid infrastructures;2020-05-07T19:07:05;2020-05-08T03:29:32;false
