id;salutation;first_name;last_name;profile_picture;phone_number;user_type;created_at;updated_at;user_id
1;Solutions;Brooks;Blick;robust;payment Canada Automotive;Avon;2020-05-07T21:29:58;2020-05-08T08:01:23;2
2;black Utah;Jessika;O'Kon;lavender Gourde US Dollar;SSL;Ergonomic Fresh Bike;2020-05-08T06:38:54;2020-05-08T03:53:46;2
3;back up;Forest;Feeney;tangible;Chair static Sleek;navigate portals deliverables;2020-05-08T02:08:08;2020-05-08T09:22:02;2
4;Regional gold partnerships;Deion;West;Garden tan;disintermediate local;connect;2020-05-07T20:24:49;2020-05-08T04:53:13;2
5;TCP Security synthesize;Elfrieda;Brekke;TCP;Shoes;Fantastic Cambridgeshire panel;2020-05-07T22:31:40;2020-05-07T23:19:49;2
6;Unbranded Cotton Keyboard;Darrick;Halvorson;Beauty;HDD Manager system;Tactics Computers;2020-05-08T01:53:40;2020-05-08T04:14:19;2
7;whiteboard Games;Geoffrey;Spencer;deposit;pixel quantifying heuristic;Health;2020-05-07T15:41:25;2020-05-07T10:42:47;2
8;bypassing Metrics;Colten;Klocko;RAM multi-tasking;Outdoors Pants Bedfordshire;New York;2020-05-08T09:33:58;2020-05-08T06:52:59;1
9;turquoise;Federico;Yundt;payment haptic;bluetooth didactic;black;2020-05-07T18:22:32;2020-05-08T05:41:21;1
10;override;Justus;Marks;Producer;back up;Metal International Borders;2020-05-07T14:46:12;2020-05-07T22:12:10;2
